familia,hiperparametros,macro_f1_treino,macro_f1_validacao,gap,f1_falha_validacao,recall_falha_validacao
naive_bayes,var_smoothing=1e-09,0.5511023151001815,0.5614089200818441,-0.010306604981662582,0.2771030139451192,0.21906116642958748
naive_bayes,var_smoothing=1e-06,0.5535051883436056,0.5665973351750367,-0.013092146831431117,0.2871939736346516,0.21692745376955902
naive_bayes,var_smoothing=0.001,0.5097766306014823,0.5209364106407066,-0.011159780039224354,0.25707434052757794,0.1906116642958748
naive_bayes,var_smoothing=0.1,0.35648839477008504,0.3303788621555163,0.02610953261456872,0.05538832028898254,0.032716927453769556
arvore_decisao,max_depth=3;min_samples_leaf=1;class_weight=nenhum,0.7239498901311662,0.7547975795599324,-0.030847689428766256,0.7783177570093457,0.7403982930298719
arvore_decisao,max_depth=3;min_samples_leaf=1;class_weight=balanced,0.698653009898254,0.7062298852365901,-0.007576875338336175,0.6596625278573703,0.7368421052631579
arvore_decisao,max_depth=3;min_samples_leaf=20;class_weight=nenhum,0.7239498901311662,0.7547975795599324,-0.030847689428766256,0.7783177570093457,0.7403982930298719
arvore_decisao,max_depth=3;min_samples_leaf=20;class_weight=balanced,0.698653009898254,0.7062298852365901,-0.007576875338336175,0.6596625278573703,0.7368421052631579
arvore_decisao,max_depth=3;min_samples_leaf=100;class_weight=nenhum,0.7239498901311662,0.7547975795599324,-0.030847689428766256,0.7783177570093457,0.7403982930298719
arvore_decisao,max_depth=3;min_samples_leaf=100;class_weight=balanced,0.697981440312983,0.7149503739552534,-0.016968933642270367,0.6834733893557423,0.7809388335704125
arvore_decisao,max_depth=5;min_samples_leaf=1;class_weight=nenhum,0.7379646152170282,0.7536850751219243,-0.015720459904896122,0.7566525260316236,0.697724039829303
arvore_decisao,max_depth=5;min_samples_leaf=1;class_weight=balanced,0.6778042184898639,0.6878589089360237,-0.010054690446159809,0.6797908335896647,0.7859174964438123
arvore_decisao,max_depth=5;min_samples_leaf=20;class_weight=nenhum,0.7379033777203571,0.7536850751219243,-0.015781697401567207,0.7566525260316236,0.697724039829303
arvore_decisao,max_depth=5;min_samples_leaf=20;class_weight=balanced,0.6777039362909866,0.6882540913196639,-0.010550155028677288,0.6806153846153846,0.786628733997155
arvore_decisao,max_depth=5;min_samples_leaf=100;class_weight=nenhum,0.7367069870553816,0.7614476217513263,-0.024740634695944674,0.777312523791397,0.7261735419630156
arvore_decisao,max_depth=5;min_samples_leaf=100;class_weight=balanced,0.6770760189660848,0.6879554876355606,-0.010879468669475756,0.6799877036581617,0.786628733997155
arvore_decisao,max_depth=8;min_samples_leaf=1;class_weight=nenhum,0.7486837918594662,0.7579686930809117,-0.00928490122144554,0.77665544332211,0.7382645803698435
arvore_decisao,max_depth=8;min_samples_leaf=1;class_weight=balanced,0.6838399596707673,0.6797910158555892,0.004048943815178063,0.6401404330017553,0.7780938833570412
arvore_decisao,max_depth=8;min_samples_leaf=20;class_weight=nenhum,0.745505514325333,0.7504612693125606,-0.004955754987227667,0.7550630492930838,0.7027027027027027
arvore_decisao,max_depth=8;min_samples_leaf=20;class_weight=balanced,0.6820797347774629,0.6822171189883792,-0.0001373842109163581,0.645385954730122,0.7908961593172119
arvore_decisao,max_depth=8;min_samples_leaf=100;class_weight=nenhum,0.7409577634021861,0.7571854185766913,-0.016227655174505196,0.7738317757009346,0.7361308677098151
arvore_decisao,max_depth=8;min_samples_leaf=100;class_weight=balanced,0.6749850446904807,0.6788547584945999,-0.003869713804119157,0.6352343308865048,0.8001422475106685
arvore_decisao,max_depth=12;min_samples_leaf=1;class_weight=nenhum,0.7819154375480437,0.7527269858361265,0.029188451711917196,0.7646616541353383,0.7233285917496444
arvore_decisao,max_depth=12;min_samples_leaf=1;class_weight=balanced,0.6971984793443106,0.6594680077651375,0.037730471579173086,0.5988323603002502,0.7660028449502134
arvore_decisao,max_depth=12;min_samples_leaf=20;class_weight=nenhum,0.7591897453781856,0.7509072603454515,0.0082824850327341,0.7524677296886864,0.7048364153627311
arvore_decisao,max_depth=12;min_samples_leaf=20;class_weight=balanced,0.6749446905041051,0.6580570408616303,0.0168876496424748,0.5994128636242327,0.798719772403983
arvore_decisao,max_depth=12;min_samples_leaf=100;class_weight=nenhum,0.7461933130754108,0.76138643393316,-0.015193120857749154,0.7738317757009346,0.7361308677098151
arvore_decisao,max_depth=12;min_samples_leaf=100;class_weight=balanced,0.6667416708430479,0.6623881262339019,0.004353544609146054,0.6123778501628664,0.802275960170697
arvore_decisao,max_depth=sem_limite;min_samples_leaf=1;class_weight=nenhum,0.9998480908368679,0.6444911766401855,0.35535691419668236,0.6251655629139073,0.6714082503556188
arvore_decisao,max_depth=sem_limite;min_samples_leaf=1;class_weight=balanced,0.9998480908368679,0.6460962015919313,0.3537518892449366,0.6230847803881512,0.6507823613086771
arvore_decisao,max_depth=sem_limite;min_samples_leaf=20;class_weight=nenhum,0.7682902481100138,0.7494467585458894,0.018843489564124405,0.7495234464353793,0.6991465149359887
arvore_decisao,max_depth=sem_limite;min_samples_leaf=20;class_weight=balanced,0.630039099795343,0.5292682923020114,0.10077080749333156,0.43783993783993785,0.8015647226173542
arvore_decisao,max_depth=sem_limite;min_samples_leaf=100;class_weight=nenhum,0.7475527346726648,0.7623971425043209,-0.014844407831656081,0.7738317757009346,0.7361308677098151
arvore_decisao,max_depth=sem_limite;min_samples_leaf=100;class_weight=balanced,0.6176204449307804,0.581462658586594,0.03615778634418643,0.5551200391964722,0.8058321479374111
random_forest,n_estimators=100;max_depth=6;min_samples_leaf=5;max_features=sqrt;class_weight=nenhum,0.7320151336301087,0.7529674336137574,-0.02095229998364867,0.7776085300837775,0.7261735419630156
random_forest,n_estimators=100;max_depth=6;min_samples_leaf=5;max_features=sqrt;class_weight=balanced_subsample,0.6928532152652709,0.699157602538374,-0.006304387273103118,0.7038709677419355,0.7759601706970128
random_forest,n_estimators=100;max_depth=6;min_samples_leaf=50;max_features=sqrt;class_weight=nenhum,0.7294801984286784,0.7528381747618598,-0.023357976333181374,0.779467680608365,0.7290184921763869
random_forest,n_estimators=100;max_depth=6;min_samples_leaf=50;max_features=sqrt;class_weight=balanced_subsample,0.6905327318999436,0.6990747236212443,-0.008541991721300768,0.7005108556832694,0.7802275960170697
random_forest,n_estimators=100;max_depth=12;min_samples_leaf=5;max_features=sqrt;class_weight=nenhum,0.7620593106149766,0.7634275907148863,-0.0013682800999097466,0.7791225416036308,0.732574679943101
random_forest,n_estimators=100;max_depth=12;min_samples_leaf=5;max_features=sqrt;class_weight=balanced_subsample,0.7436584270022896,0.7283904620526179,0.015267964949671642,0.7327266599258511,0.7731152204836416
random_forest,n_estimators=100;max_depth=12;min_samples_leaf=50;max_features=sqrt;class_weight=nenhum,0.742427940410675,0.7625191767894789,-0.020091236378803945,0.783068783068783,0.7368421052631579
random_forest,n_estimators=100;max_depth=12;min_samples_leaf=50;max_features=sqrt;class_weight=balanced_subsample,0.7041972565903132,0.7070054121917849,-0.00280815560147174,0.68865598027127,0.794452347083926
random_forest,n_estimators=100;max_depth=sem_limite;min_samples_leaf=5;max_features=sqrt;class_weight=nenhum,0.7917428268403998,0.7670953101767827,0.024647516663617086,0.7814269535673839,0.7361308677098151
random_forest,n_estimators=100;max_depth=sem_limite;min_samples_leaf=5;max_features=sqrt;class_weight=balanced_subsample,0.9128577388483606,0.761684139123834,0.1511735997245266,0.7550371155885472,0.7596017069701281
random_forest,n_estimators=100;max_depth=sem_limite;min_samples_leaf=50;max_features=sqrt;class_weight=nenhum,0.7441080174162226,0.7625264787558182,-0.018418461339595682,0.7820512820512822,0.7375533428165008
random_forest,n_estimators=100;max_depth=sem_limite;min_samples_leaf=50;max_features=sqrt;class_weight=balanced_subsample,0.720174421892449,0.7110745302018836,0.009099891690565354,0.69435833849969,0.7965860597439545
random_forest,n_estimators=200;max_depth=6;min_samples_leaf=5;max_features=sqrt;class_weight=nenhum,0.7321046646015699,0.7544466555420465,-0.02234199094047662,0.7780738484963836,0.7268847795163584
random_forest,n_estimators=200;max_depth=6;min_samples_leaf=5;max_features=sqrt;class_weight=balanced_subsample,0.6924229252687408,0.6991489912308353,-0.006726065962094463,0.7033462033462033,0.7773826458036984
random_forest,n_estimators=200;max_depth=6;min_samples_leaf=50;max_features=sqrt;class_weight=nenhum,0.7312905214495992,0.7546135049049149,-0.023322983455315693,0.7778199772123053,0.7283072546230441
random_forest,n_estimators=200;max_depth=6;min_samples_leaf=50;max_features=sqrt;class_weight=balanced_subsample,0.6910713164293885,0.6993223518878816,-0.00825103545849315,0.7001278772378516,0.7788051209103841
random_forest,n_estimators=200;max_depth=12;min_samples_leaf=5;max_features=sqrt;class_weight=nenhum,0.7621460644740518,0.7633902681772978,-0.0012442037032460718,0.7788679245283019,0.7339971550497866
random_forest,n_estimators=200;max_depth=12;min_samples_leaf=5;max_features=sqrt;class_weight=balanced_subsample,0.7444071331276739,0.7299920437460202,0.0144150893816537,0.7366283006093431,0.7738264580369844
random_forest,n_estimators=200;max_depth=12;min_samples_leaf=50;max_features=sqrt;class_weight=nenhum,0.7423220296205092,0.7623975383731327,-0.02007550875262354,0.7819209039548023,0.7382645803698435
random_forest,n_estimators=200;max_depth=12;min_samples_leaf=50;max_features=sqrt;class_weight=balanced_subsample,0.703980287656791,0.7070776931619673,-0.0030974055051763427,0.6907630522088354,0.7951635846372689
random_forest,n_estimators=200;max_depth=sem_limite;min_samples_leaf=5;max_features=sqrt;class_weight=nenhum,0.7923841805806866,0.7671747956006114,0.02520938498007519,0.7811676082862524,0.7375533428165008
random_forest,n_estimators=200;max_depth=sem_limite;min_samples_leaf=5;max_features=sqrt;class_weight=balanced_subsample,0.9164516561136583,0.7626602547097462,0.15379140140391212,0.7572746628814763,0.7588904694167852
random_forest,n_estimators=200;max_depth=sem_limite;min_samples_leaf=50;max_features=sqrt;class_weight=nenhum,0.7435385320966855,0.7621581725913186,-0.01861964049463305,0.7812971342383107,0.7368421052631579
random_forest,n_estimators=200;max_depth=sem_limite;min_samples_leaf=50;max_features=sqrt;class_weight=balanced_subsample,0.7204890702230115,0.7105318330279075,0.009957237195103996,0.6915254237288136,0.7980085348506402
