id_fluxo,timestamp,split,perda_pct,rtt_ausente,razao_rtt_p95,razao_rtt_p99,razao_jitter_p95,amplitude_rtt_rel,delta_ttl_clip,ttl_reset,perda_media_w3,rtt_p95_max_w3,jitter_p95_max_w3,n_rtt_acima_p95_w3,perda_media_w6,rtt_p95_max_w6,jitter_p95_max_w6,n_rtt_acima_p95_w6,perda_media_w12,rtt_p95_max_w12,jitter_p95_max_w12,n_rtt_acima_p95_w12,perdas_consecutivas,classe_prevista
7111_1223,1790726046,treino,0.0,0,0.998127,0.981473,0.127292,0.000384778,0,0,0.0,0.998944,0.40684,0,0.0,0.998944,0.40684,0,0.0,0.998944,0.42146,0,0,OK
6944_4766,1790917907,treino,0.0,0,0.928208,0.815226,0.2221,0.000884323,0,0,0.0,0.928208,0.2221,0,0.0,0.928564,0.2221,0,0.0,0.928564,0.319991,0,0,OK
7378_1223,1790795651,treino,0.0,0,0.957435,0.869915,0.182925,0.00187246,0,0,0.0,1.00122,0.392412,1,0.0,1.00122,0.392412,1,0.0,1.00542,0.771286,6,0,OK
7049_4371,1790831578,treino,0.0,0,0.666193,0.578469,0.138508,0.0036272,0,0,0.0,0.666582,0.138508,0,16.6667,0.666582,0.138508,0,33.3333,0.68087,2.58549,0,0,OK
1016806_3679,1790693559,treino,0.0,0,0.918319,0.896662,0.200451,0.00669334,0,0,0.0,0.926732,0.663192,0,0.0,0.928363,0.663192,0,0.0,0.935601,1.02171,0,0,OK
65328_2026,1790964544,treino,0.0,0,0.946251,0.941306,0.226341,0.00483842,0,0,0.0,0.946511,0.383617,0,0.0,0.946976,0.383617,0,0.0,0.951135,0.893845,0,0,OK
7802_1418,1790999973,treino,0.0,0,0.934262,0.908653,0.276899,0.00426819,0,0,0.0,0.934262,0.276899,0,0.0,0.934262,0.276899,0,0.0,0.934262,0.276899,0,0,OK
7578_1612,1790721469,treino,0.0,0,0.975474,0.915925,0.495305,0.00841199,0,0,0.0,0.975951,0.608104,0,0.0,0.975951,0.608104,0,0.0,0.979642,0.608104,0,0,OK
7800_4707,1790990953,treino,0.0,0,0.990655,0.985229,0.0734401,9.46367e-05,0,0,0.0,0.990818,0.675941,0,0.0,0.990964,0.675941,0,0.0,0.991433,0.716973,0,0,OK
6680_3217,1790750651,treino,0.0,0,0.995434,0.944166,0.155649,0.00150734,0,0,0.0,0.997202,0.440955,0,0.0,0.997432,0.440955,0,0.0,0.997432,0.440955,0,0,OK
6801_1418,1790886927,treino,0.0,0,0.962193,0.949779,0.542564,0.0120474,0,0,0.0,0.969997,0.770441,0,0.0,0.969997,0.824344,0,0.0,0.969997,0.824344,0,0,OK
7795_1418,1790968769,treino,0.0,0,0.936157,0.90453,0.118073,0.0017416,0,0,0.0,0.938228,0.666438,0,0.0,0.941139,0.887379,0,0.0,0.941139,0.911499,0,0,OK
6659_4074,1790738476,treino,0.0,0,0.984368,0.938559,0.224948,0.0047905,0,0,0.0,0.985757,0.533615,0,0.0,0.987931,0.770672,0,0.0,0.987931,0.980919,0,0,OK
7099_4335,1791027532,treino,0.0,0,0.96669,0.962663,0.0799463,0.000774219,0,0,0.0,0.969144,0.125114,0,0.0,0.969144,0.164045,0,0.0,0.969144,0.230247,0,0,OK
6583_4335,1790723451,treino,0.0,0,0.993459,0.96279,1.66395,0.0147889,0,0,0.0,0.993459,1.66395,0,0.0,0.993459,1.66395,0,0.0,0.993459,1.66395,0,0,OK
30986_4169,1790861303,treino,0.0,0,0.994331,0.899368,0.103957,0.00145689,0,0,0.0,1.03178,9.68369,1,0.0,1.03178,9.68369,1,0.0,1.03178,9.68369,1,0,OK
6493_2343,1790657406,treino,0.0,0,0.965623,0.945025,2.41698,0.0402707,0,0,0.0,0.965623,2.41698,0,0.0,0.965623,2.41698,0,0.0,0.965623,2.41698,0,0,OK
1016806_3679,1790655400,treino,0.0,0,0.913647,0.892101,0.708696,0.0222776,0,0,0.0,0.913647,0.708696,0,0.0,0.917141,0.708696,0,0.0,0.917141,0.708696,0,0,OK
6944_4766,1791043667,treino,0.0,0,0.895654,0.786635,0.147035,0.000603122,0,0,0.0,0.896645,0.147035,0,0.0,0.900187,3.1348,0,0.0,0.901319,4.55723,0,0,OK
6935_2026,1790842220,treino,0.0,0,0.912363,0.905946,0.417141,0.00067637,0,0,0.0,0.912439,0.417141,0,0.0,0.912902,0.605097,0,0.0,0.912902,0.605097,0,0,OK
