anchor_id,probe_id,ttl_baseline,n_amostras_A,ttl_min_A,ttl_max_A,n_ttl_distintos_A
1086,23017,51,2495,47,52,3
1086,6503,52,2501,49,52,4
1086,6553,47,2489,45,51,6
1086,7509,47,2504,46,49,4
1086,7627,45,2457,45,45,1
1223,6972,56,2504,54,56,2
1223,7111,51,2503,50,52,3
1223,7378,54,2519,49,55,3
1223,7776,50,2506,49,50,2
1360,35709,46,2515,43,46,4
1360,6521,49,2447,49,49,1
1360,6775,50,2472,50,50,1
1360,7022,58,2508,58,58,1
1360,7463,57,2508,55,57,2
1418,12541,48,2515,46,48,2
1418,6801,55,2512,53,55,2
1418,6933,46,2508,43,46,3
1418,7795,50,2511,47,50,4
1418,7802,43,2506,43,48,4
1605,62282,59,2519,58,59,2
1605,6516,50,2503,49,50,2
1605,7187,56,2507,56,56,1
1605,7560,47,2470,44,47,4
1605,7798,48,2497,47,48,2
1612,25792,51,2520,51,51,1
1612,7062,50,2512,46,50,4
1612,7306,47,2512,43,52,4
1612,7509,50,2510,50,50,1
1612,7578,49,2503,49,50,2
1880,12159,49,2520,49,49,1
1880,6919,55,2512,55,56,2
1880,7098,51,2507,46,51,3
1880,7462,54,2518,54,54,1
1880,7638,51,2517,36,56,9
2026,65328,52,2503,52,52,1
2026,6935,49,2497,48,50,3
2026,7307,52,2499,37,52,6
2026,7523,44,2504,43,44,2
2026,7749,43,958,38,46,5
2343,1008431,59,2485,56,59,3
2343,6493,57,2498,50,57,4
2343,6521,47,2451,46,51,5
2343,7333,52,2502,44,52,5
2343,7811,55,2222,54,55,2
2526,13821,51,2520,51,51,1
2526,6588,58,2503,58,58,1
2526,7063,46,2500,42,46,5
2526,7694,54,2486,43,56,12
2842,13104,57,2517,52,57,2
2842,6382,51,2509,49,51,2
2842,6782,49,2500,47,49,2
2842,7467,45,2507,43,47,5
2842,7485,49,2460,48,49,2
3217,1012282,56,2520,56,56,1
3217,61225,46,2502,44,46,2
3217,6454,50,2504,49,52,3
3217,6680,52,2503,52,52,1
3217,7526,47,2497,43,47,3
3294,1017252,57,2509,53,57,2
3294,6565,52,2491,46,52,5
3294,7099,50,2492,49,51,3
3294,7323,45,2496,45,45,1
3294,7688,58,2489,58,58,1
3679,1016806,56,2519,56,56,1
3679,6630,55,2503,53,58,3
3679,6803,47,2508,42,47,4
3679,7091,51,2412,48,51,3
3816,1010359,43,2518,39,44,6
3816,1013364,51,2507,51,51,1
3816,6324,44,2497,38,44,6
3816,7050,44,2116,40,44,5
3816,7105,50,2518,47,50,3
3920,64062,55,2519,54,55,2
3920,6666,53,2505,53,53,1
3920,6931,52,2506,52,52,1
3920,7658,48,2516,48,48,1
3920,7767,51,2502,48,51,4
4074,1009368,41,2519,41,42,2
4074,6659,54,2445,54,55,2
4074,7036,55,2501,55,55,1
4074,7657,50,2499,48,50,2
4074,7800,53,2501,49,53,5
4169,30986,56,2520,56,56,1
4169,7271,52,2519,49,52,3
4169,7341,55,2506,55,55,1
4169,7805,57,2508,56,57,2
4237,6329,52,2502,52,53,2
4237,6811,54,2507,54,54,1
4261,64129,53,2520,52,53,2
4261,7098,45,2507,42,45,3
4261,7354,43,2505,42,43,2
4261,7558,46,2281,43,46,4
4292,64504,56,2508,56,56,1
4292,7198,54,2500,53,54,2
4292,7348,55,2488,54,55,2
4292,7494,54,2503,53,54,2
4292,7772,40,2503,38,43,5
4335,1010890,45,2520,45,55,2
4335,6431,55,2506,55,55,1
4335,6583,50,2508,44,50,2
4335,7099,51,2503,47,51,2
4335,7427,43,2500,41,45,4
4371,7049,52,2495,44,52,2
4371,7262,43,2502,38,44,5
4371,7479,57,2497,52,57,2
4371,7647,47,2499,45,48,4
4382,7325,46,2506,45,46,2
4382,7554,43,2500,43,44,2
4382,7573,48,2482,45,48,2
4524,1000820,43,2519,40,43,4
4524,10932,54,2519,54,54,1
4524,6727,40,2490,40,40,1
4524,7720,51,2512,50,53,4
4685,1014085,59,2501,59,59,1
4685,1015748,52,2519,43,52,5
4685,7099,52,2499,50,52,3
4685,7565,54,2496,44,54,3
4685,7687,51,2499,51,52,2
4707,65614,52,2516,51,52,2
4707,6849,42,2503,42,47,3
4707,7189,55,2479,52,55,3
4707,7470,46,2502,44,48,4
4707,7800,52,2503,49,52,4
4766,1015907,49,2519,43,51,4
4766,6944,50,2507,46,50,4
4766,7083,50,2510,43,51,4
4766,7517,51,2518,48,51,3
4766,7548,50,2508,50,50,1
4809,1017588,52,2517,49,52,2
4809,6492,49,2518,41,49,2
4809,6687,57,2505,56,57,2
4809,6918,54,2505,54,54,1
4809,7455,49,2448,46,49,3
4828,6737,52,2503,49,52,4
4828,7113,53,2485,44,53,3
4828,7221,52,2496,44,52,2
4828,7735,48,2503,46,48,3
