anchor_id,probe_id,id_fluxo,n_amostras_A,n_rtt_validos_A,mediana_rtt_A,p95_rtt_A,p99_rtt_A,mediana_jitter_A,p95_jitter_A,p99_jitter_A,ttl_baseline,ttl_min_A,ttl_max_A,n_ttl_distintos_A,status_baseline
1086,6503,6503_1086,2501,2501,176.616088,176.987379,185.325937,0.15673092692963422,0.3385916512460947,0.6242994130256934,52,49,52,4,VALIDO
1086,6553,6553_1086,2491,2489,171.218086,200.2906264,250.91263768000002,0.17985942069170988,2.462830305577414,10.791555147110016,47,45,51,6,VALIDO
1086,7509,7509_1086,2505,2504,228.7246015,278.3568802,381.4934919099994,0.20977977698233058,7.367960095516827,17.276366819682895,47,46,49,4,VALIDO
1086,7627,7627_1086,2457,2457,163.830835,186.31904319999998,187.21071228,0.16013179292348392,0.39306592073499635,2.5541973458921157,45,45,45,1,VALIDO
1086,23017,23017_1086,2520,2495,65.932509,69.10959299999999,85.78198035999992,0.1921333853764649,4.07889636739176,14.820533651455825,51,47,52,3,VALIDO
1223,6972,6972_1223,2506,2504,93.3286875,93.50462605,93.68629726999998,0.055918086616422544,0.14569366028628944,0.23572480850415356,56,54,56,2,VALIDO
1223,7111,7111_1223,2504,2503,319.408421,319.94988309999997,325.37884924,0.09679586814298836,0.39857492214851303,2.167436519703552,51,50,52,3,VALIDO
1223,7378,7378_1223,2519,2519,40.009276,41.78096,45.984448840000006,0.058779703271340314,0.17576778524469128,0.2943993931518007,54,49,55,3,VALIDO
1223,7776,7776_1223,2506,2506,180.335085,181.65060400000002,195.77617805,0.07949712091184874,0.7163900427314223,5.401523359005054,50,49,50,2,VALIDO
1360,6521,6521_1360,2477,2447,173.696572,185.23186679999998,185.8297382,0.07262149061170897,0.18009186116507298,0.32549165953624504,49,49,49,1,VALIDO
1360,6775,6775_1360,2472,2472,153.0249725,153.54426715,153.96135297,0.047282313264709976,0.17613842149888526,0.3456285200892452,50,50,50,1,VALIDO
1360,7022,7022_1360,2508,2508,12.7059025,13.4980732,14.242262919999996,0.06583562949173619,0.5325313674343654,1.1452160914048621,58,58,58,1,VALIDO
1360,7463,7463_1360,2511,2508,152.638032,153.53880180000002,155.98119287,0.039991681664556675,0.2047039567701394,2.1290862262433,57,55,57,2,VALIDO
1360,35709,35709_1360,2520,2515,218.759812,244.3017984,245.11955992,0.05847484259633667,0.36512877960443685,2.5518969029859004,46,43,46,4,VALIDO
1418,6801,6801_1418,2512,2512,173.7643525,180.78101959999998,183.14404561999999,0.31959539880049326,1.5907538599013549,3.3055822786288243,55,53,55,2,VALIDO
1418,6933,6933_1418,2512,2508,263.5411735,265.88230665000003,268.8423945999999,0.29073377249899546,1.6489696995859953,2.6766029107095592,46,43,46,3,VALIDO
1418,7795,7795_1418,2511,2511,256.147628,266.073963,275.3771449,0.24991850966444068,1.5756713377242506,2.979334038658582,50,47,50,4,VALIDO
1418,7802,7802_1418,2506,2506,240.976369,251.14914575,258.22724124999996,0.2437733463800238,1.5801541371921584,3.3566472695076413,43,43,48,4,VALIDO
1418,12541,12541_1418,2518,2515,82.422128,85.7369678,89.09035876000002,1.7095597155345779,3.6975512888967508,5.282028928594949,48,46,48,2,VALIDO
1605,6516,6516_1605,2503,2503,189.428941,211.1812165,211.7294736,0.17405817443665905,0.9758137805132784,18.83235653008546,50,49,50,2,VALIDO
1605,7187,7187_1605,2507,2507,123.819448,133.3287945,142.64555186000007,0.18765765428212022,0.7101634488560625,18.600884371717797,56,56,56,1,VALIDO
1605,7560,7560_1605,2472,2470,279.014319,327.88717434999995,358.45575633999994,0.561808941099506,52.76395120245269,78.5982532480607,47,44,47,4,VALIDO
1605,7798,7798_1605,2505,2498,352.12628099999995,370.91269904999996,408.0464310400019,0.15810168494903162,0.9501052144490332,33.5484546393216,48,47,48,2,VALIDO
1605,62282,62282_1605,2520,2519,6.112698,9.172465899999997,21.810558240000113,1.3958814628027059,3.7569616541686592,21.710497580193206,59,58,59,2,VALIDO
1612,7062,7062_1612,2512,2512,175.466929,180.50999489999998,181.73624711000002,0.10543611429210173,0.2969735023297974,1.938429214773886,50,46,50,4,VALIDO
1612,7306,7306_1612,2514,2512,175.2778235,232.37408955,232.86506763999998,0.11139416409967866,0.6722439575765775,4.593303300250247,47,43,52,4,VALIDO
1612,7509,7509_1612,2510,2510,172.39094699999998,172.97609055,173.72127566,0.11950945860554842,0.4500140322585583,1.0632930358157582,50,50,50,1,VALIDO
1612,7578,7578_1612,2503,2503,233.39585,239.81817910000004,255.41016506,0.10324519261446763,1.8100580420244112,6.109168818866464,49,49,50,2,VALIDO
1612,25792,25792_1612,2520,2520,22.0816565,25.209019449999996,28.979758859999997,0.36452401801266887,3.8728323683139476,9.284137146159429,51,51,51,1,VALIDO
1880,6919,6919_1880,2513,2512,140.6320885,157.63755759999987,176.48550758999997,0.05793322769656811,2.4735706153519943,6.331902196872727,55,55,56,2,VALIDO
1880,7098,7098_1880,2508,2507,182.650728,196.9214212,197.32486975999998,0.07881394992568073,0.44174812430803384,0.8140153954241892,51,46,51,3,VALIDO
1880,7462,7462_1880,2519,2518,238.99974600000002,239.45448915000003,240.14233912,0.029295218250893075,0.10771166934895193,0.20125284629653517,54,54,54,1,VALIDO
1880,7638,7638_1880,2519,2517,222.505747,233.7016658,287.83954168,0.1326785915419408,0.94389061655668,4.443898631981793,51,36,56,9,VALIDO
1880,12159,12159_1880,2520,2520,62.1923175,62.4295739,64.53623547000001,0.040019717917675265,0.10723114716706855,0.1846059661348018,49,49,49,1,VALIDO
2026,6935,6935_2026,2501,2497,369.109532,402.3462646,405.19626888,0.06741931642258724,0.26882798909417954,1.1338487100230452,49,48,50,3,VALIDO
2026,7307,7307_2026,2504,2499,365.12594,368.7917055,383.52626146,0.08432143534513964,0.20488614563885366,0.8458117779389164,52,37,52,6,VALIDO
2026,7523,7523_2026,2506,2504,250.528159,258.68565125,261.91684269999996,0.06499953956445599,0.2963472143292036,1.0901661472003965,44,43,44,2,VALIDO
2026,7749,7749_2026,2500,958,340.70257649999996,350.33204855,397.02095271999985,0.035641749999996364,1.0223709323556887,3.942274601182791,43,38,46,5,VALIDO
2026,65328,65328_2026,2519,2503,66.715235,70.248738,70.61781656000001,0.1487207994292991,0.618479148576961,2.1253917128322155,52,52,52,1,VALIDO
2343,6493,6493_2343,2501,2498,156.4149045,165.21784774999998,168.81894208000003,0.09008350855091267,1.1204412522962277,2.042222183938983,57,50,57,4,VALIDO
2343,6521,6521_2343,2484,2451,298.43965,332.64533,344.90402900000004,0.4291874385551693,10.543620721881183,15.358074761469478,47,46,51,5,VALIDO
2343,7333,7333_2343,2507,2502,316.4964135,317.10236060000005,319.24911217,0.05846206012982219,0.4676796672690845,1.6824817661720706,52,44,52,5,VALIDO
2343,7811,7811_2343,2222,2222,28.96408,29.40347735,31.007237899999996,0.07936980242379096,0.4367343911035879,1.556283501082944,55,54,55,2,VALIDO
2343,1008431,1008431_2343,2487,2485,3.261603,4.451608999999997,5.795806919999997,0.09282249680737722,1.0870702206640668,1.8649416043861182,59,56,59,3,VALIDO
2526,6588,6588_2526,2503,2503,152.885155,154.01646759999997,156.20675474,0.060256754680828334,0.1662664976006391,1.3646365603248913,58,58,58,1,VALIDO
2526,7063,7063_2526,2501,2500,383.9232585,396.1343432499999,411.31729389999975,0.09167351398904867,3.9087414447919433,15.563083600160732,46,42,46,5,VALIDO
2526,7694,7694_2526,2503,2486,232.8625475,242.62544225,284.14608555,0.07679201160381863,1.5382689401821104,6.495533798200651,54,43,56,12,VALIDO
2526,13821,13821_2526,2520,2520,10.474221499999999,11.007537500000002,13.152475869999993,0.24463325368889127,0.6472753864657181,3.2257616959094593,51,51,51,1,VALIDO
2842,6382,6382_2842,2509,2509,308.653593,331.894502,337.76815276,0.061099601795403975,0.4239223702954792,1.1635969789870053,51,49,51,2,VALIDO
2842,6782,6782_2842,2502,2500,223.9142235,227.87060419999997,244.97590078999997,0.05523060734956614,0.1533799781745685,0.8894713643173492,49,47,49,2,VALIDO
2842,7467,7467_2842,2507,2507,476.134257,523.6220733,527.92756444,0.1317475781771928,2.9229651881439667,7.709547187960706,45,43,47,5,VALIDO
2842,7485,7485_2842,2461,2460,222.2644115,222.90275019999999,223.44954105,0.11314754480246397,0.5375701635208736,1.199539762838449,49,48,49,2,VALIDO
2842,13104,13104_2842,2520,2517,67.176842,72.8644984,76.85336784,0.23665610454130404,1.3397068498856823,4.167683431326116,57,52,57,2,VALIDO
3217,6454,6454_3217,2504,2504,105.1786125,109.42223265,109.90075811,0.11387499363835113,0.8226492394735783,3.320869934092532,50,49,52,3,VALIDO
3217,6680,6680_3217,2504,2503,191.669719,192.4209122,202.86947526,0.10587074865241576,0.7965708054030494,4.1372668475187835,52,52,52,1,VALIDO
3217,7526,7526_3217,2501,2497,386.106305,395.5736088,409.32573044,0.11858204104332015,3.1675940970880956,11.097023931841065,47,43,47,3,VALIDO
3217,61225,61225_3217,2505,2502,270.7693295,273.20220759999995,281.20630442,0.30275036377179554,2.9035572956009235,7.531808476582912,46,44,46,2,VALIDO
3217,1012282,1012282_3217,2520,2520,15.556504499999999,16.24713535,17.717503589999993,0.0984567729778141,0.9000709764352485,2.4036548610196284,56,56,56,1,VALIDO
3294,6565,6565_3294,2502,2491,102.726899,103.03522799999999,104.032772,0.0846726670590249,0.3001951903079626,0.6710595501260556,52,46,52,5,VALIDO
3294,7099,7099_3294,2504,2492,234.5608655,235.39442295000003,238.24815733000003,0.1096543613958712,0.28831162148147627,1.4255876813809938,50,49,51,3,VALIDO
3294,7323,7323_3294,2508,2496,285.006043,285.256641,285.7239562,0.06616958587461916,0.23649265273911138,0.5418362993078557,45,45,45,1,VALIDO
3294,7688,7688_3294,2500,2489,16.065415,16.1657602,16.21370676,0.03974307014646301,0.09269752870761544,0.12662013054682103,58,58,58,1,VALIDO
3294,1017252,1017252_3294,2520,2509,74.591049,77.59824219999999,84.75306920000008,1.8075041167407258,4.081037220809562,9.797526911145262,57,53,57,2,VALIDO
3679,6630,6630_3679,2505,2503,229.517622,231.394507,233.52542652000002,0.06978170702030194,0.1542365508012809,0.40105678353514745,55,53,58,3,VALIDO
3679,6803,6803_3679,2509,2508,300.2637915,313.8882789,364.05258193999833,0.1377584405756314,12.613839656196353,13.629846455149584,47,42,47,4,VALIDO
3679,7091,7091_3679,2415,2412,358.3295505,369.54800704999997,476.93277273999877,2.243376829895686,4.72949755234486,6.746621284854783,51,48,51,3,VALIDO
3679,1016806,1016806_3679,2520,2519,54.554034,59.4043357,60.83911424000001,0.26423958080289534,0.7796581544053771,1.1902317478780673,56,56,56,1,VALIDO
3816,6324,6324_3816,2500,2497,255.147233,255.929168,295.26999895999984,0.09167462419641816,0.6712320061045602,2.8043848079660423,44,38,44,6,VALIDO
3816,7050,7050_3816,2119,2116,327.68370200000004,335.43405425000003,359.39514239999994,0.09705312663147711,0.8525847487594952,6.4408259018283065,44,40,44,5,VALIDO
3816,7105,7105_3816,2520,2518,157.146497,169.03897245,169.62540217999998,0.05317552351723353,0.18986571792976986,1.375773859999997,50,47,50,3,VALIDO
3816,1010359,1010359_3816,2520,2518,299.397525,390.90466805000005,434.00270605999987,0.09948887561263783,7.159898485818716,14.501872893529091,43,39,44,6,VALIDO
3816,1013364,1013364_3816,2516,2507,5.423848,5.7025131,6.372307340000002,0.1880267657991512,0.42023303433750026,1.2208374976390506,51,51,51,1,VALIDO
3920,6666,6666_3920,2505,2505,137.719896,139.247961,188.33728796000003,0.0822314545225205,0.9288623577578851,4.369089322382412,53,53,53,1,VALIDO
3920,6931,6931_3920,2506,2506,109.26105799999999,109.7240055,111.26478954999999,0.2749767712422697,0.6636236637252074,1.9614718901592485,52,52,52,1,VALIDO
3920,7658,7658_3920,2518,2516,216.09008949999998,264.57498525,347.9254031999999,0.11618255343872272,4.563158027531768,12.585311219318672,48,48,48,1,VALIDO
3920,7767,7767_3920,2507,2502,272.3453505,449.7018230499999,505.57903964999986,0.09652432077061944,10.180529003082118,24.171456427303823,51,48,51,4,VALIDO
3920,64062,64062_3920,2519,2519,62.965205,65.7626196,65.91259126,0.1733704680202349,0.37233255498928997,0.5456847651704422,55,54,55,2,VALIDO
4074,6659,6659_4074,2445,2445,25.906053,26.167344200000002,27.44451136,0.07761690802625072,0.22790502463120235,1.9737252057597745,54,54,55,2,VALIDO
4074,7036,7036_4074,2505,2501,163.53594,163.820758,164.989188,0.07762273033503768,0.212596953537802,2.241292044173383,55,55,55,1,VALIDO
4074,7657,7657_4074,2499,2499,164.213241,177.325634,177.58949724,0.07118277382594676,0.1938167097969723,2.1689180111496658,50,48,50,2,VALIDO
4074,7800,7800_4074,2504,2501,352.499147,353.874849,356.02599,0.08651360311919744,0.2727820020777599,2.8760462797741306,53,49,53,5,VALIDO
4074,1009368,1009368_4074,2520,2519,330.393368,333.9050966,336.91358324000004,0.27843530202943323,1.6579023550339462,7.009618840075418,41,41,42,2,VALIDO
4169,7271,7271_4169,2519,2519,206.761041,211.3746146,238.03688660000017,0.41704425729677985,2.0165127093781856,21.374027527897095,52,49,52,3,VALIDO
4169,7341,7341_4169,2506,2506,128.48144150000002,151.206173,176.013242,0.021566185583176106,1.0016495791792606,6.5502755675311395,55,55,55,1,VALIDO
4169,7805,7805_4169,2508,2508,150.2585125,150.39445700000002,161.98432117,0.028109342531296808,0.12080934018005815,0.8874216838563144,57,56,57,2,VALIDO
4169,30986,30986_4169,2520,2520,27.444574000000003,27.5812599,30.49351243,0.04375359350112251,0.15699437258864318,4.031873647022723,56,56,56,1,VALIDO
4237,6329,6329_4237,2505,2502,161.49765250000002,196.78164214999995,201.01283296,0.08923772684993088,0.8458171226651203,2.707258366179175,52,52,53,2,VALIDO
4237,6811,6811_4237,2507,2507,186.985844,187.4904774,188.0799856,0.07722538109973873,0.7227776293438438,1.6705302257596857,54,54,54,1,VALIDO
4261,7098,7098_4261,2508,2507,238.353895,255.677371,304.3649226,0.09388931208964023,0.6927544538740265,12.545452323619644,45,42,45,3,VALIDO
4261,7354,7354_4261,2506,2505,157.466604,158.008372,166.50196820000002,0.13293897964186982,0.3585756784382709,1.0583672684615244,43,42,43,2,VALIDO
4261,7558,7558_4261,2457,2282,212.7689105,215.9447811,821.4923044300001,0.2077152927787716,1.027539236136876,816.0528410509032,46,43,46,4,VALIDO
4261,64129,64129_4261,2520,2520,101.590203,104.4548514,106.69030217999999,0.14829272639667407,0.36693836334768515,1.1560230235458522,53,52,53,2,VALIDO
4292,7198,7198_4292,2504,2500,268.655229,281.8222546,282.11161207,0.0569221568139326,0.4322987114715207,2.5131530120102457,54,53,54,2,VALIDO
4292,7348,7348_4292,2491,2488,184.3444375,196.54451630000005,207.65427345,0.07963636472860838,3.3632698891245245,5.969679365285138,55,54,55,2,VALIDO
4292,7494,7494_4292,2506,2503,140.1576,145.2477362,154.61373916000002,0.18068664108770102,4.798319660443203,8.609670101930718,54,53,54,2,VALIDO
4292,7772,7772_4292,2506,2503,381.132996,386.6923792,398.76843098,0.058367141138385516,2.633328346457869,10.649592712934824,40,38,43,5,VALIDO
4292,64504,64504_4292,2520,2508,62.6905115,63.35616135,65.55300581,0.1282600423971481,0.7190045541443233,3.6360997996162294,56,56,56,1,VALIDO
4335,6431,6431_4335,2506,2506,208.3268445,209.13494125,209.6898554,0.09154706974672179,0.7443654848026695,1.6405981975737207,55,55,55,1,VALIDO
4335,6583,6583_4335,2508,2508,182.04321349999998,183.24765455,189.08484074,0.08266686050516114,0.7585976936719773,1.7454241416853604,50,44,50,2,VALIDO
4335,7099,7099_4335,2504,2503,218.247429,219.6891762,220.60817538,0.14142727684651626,0.8570318453848123,1.8473818600919787,51,47,51,2,VALIDO
4335,7427,7427_4335,2500,2500,224.7657385,250.21447125,301.53504881,0.15663527431047025,4.587025631230853,8.141116258985361,43,41,45,4,VALIDO
4335,1010890,1010890_4335,2520,2520,56.125001999999995,57.91214579999999,62.05221707,0.10841942874656825,1.1074062262697288,3.1701200752656438,45,45,55,2,VALIDO
4371,7049,7049_4371,2501,2495,125.27093,188.05639860000002,216.57472244000002,0.09563061281944522,1.5124943398920958,5.930667651927843,52,44,52,2,VALIDO
4371,7262,7262_4371,2505,2502,433.9130325,544.0414321999999,592.467567699999,0.12379993108290963,2.9588122873916616,7.393387729360502,43,38,44,5,VALIDO
4371,7479,7479_4371,2499,2497,329.942663,352.07961639999996,388.2152674,0.07974091875706253,2.883817063060507,7.578437069740151,57,52,57,2,VALIDO
4371,7647,7647_4371,2502,2499,208.872234,250.1535956,280.45582845999996,0.10424000470814997,2.906908057639482,6.2422009904885,47,45,48,4,VALIDO
4382,7325,7325_4382,2506,2506,317.66484749999995,319.39769475,321.7878426,0.13660631687976316,0.8059205224496476,5.471515567522151,46,45,46,2,VALIDO
4382,7554,7554_4382,2500,2500,164.7046355,166.28023204999997,173.7175895,0.048821639273334376,0.7472714257938813,6.173544763373683,43,43,44,2,VALIDO
4382,7573,7573_4382,2484,2482,80.5752255,82.96230349999999,85.69882550000001,0.04000834584908161,0.37756290460255604,1.2507451819958344,48,45,48,2,VALIDO
4524,6727,6727_4524,2491,2490,366.5571595,370.4213496,372.51121195,0.09989107161636568,1.6678942849056058,2.660303661566131,40,40,40,1,VALIDO
4524,7720,7720_4524,2515,2512,193.379423,194.02120815,227.79584501,0.0824173796973161,0.2853452385017201,0.46386228575642635,51,50,53,4,VALIDO
4524,10932,10932_4524,2519,2519,32.413172,32.635861,33.39262398,0.0729113312318459,0.17308878922977344,1.0385608985354178,54,54,54,1,VALIDO
4524,1000820,1000820_4524,2520,2519,98.397809,101.3977985,103.77652834,0.11982487147870326,0.6655649294051164,1.5416380198810264,43,40,43,4,VALIDO
4685,7099,7099_4685,2500,2499,341.74792,345.8013641,361.9134341199999,0.11229819406186818,0.3319629910792763,1.3032910610149562,52,50,52,3,VALIDO
4685,7565,7565_4685,2496,2496,344.610035,348.22371375,348.5033618,0.05756027361855903,0.21701625264293717,1.7159894700854017,54,44,54,3,VALIDO
4685,7687,7687_4685,2499,2499,204.828143,207.7187968,249.63430126000003,0.05643691006778933,0.5729339289338943,4.690354082067323,51,51,52,2,VALIDO
4685,1014085,1014085_4685,2520,2501,22.681839,25.242104,28.594111,1.383484156544869,3.374004610680739,5.476353191220492,59,59,59,1,VALIDO
4685,1015748,1015748_4685,2520,2519,394.384145,412.4092084,448.82726994000006,0.3284346120577837,16.532460528515784,50.43033236070647,52,43,52,5,VALIDO
4707,6849,6849_4707,2504,2503,282.319198,328.00456149999997,328.70403896,0.03769137467201747,0.6262089148506075,3.0990539323271658,42,42,47,3,VALIDO
4707,7189,7189_4707,2505,2479,119.294839,119.4894387,124.12801643999987,0.03361195026904593,0.17989518811939442,0.6875789663633728,55,52,55,3,VALIDO
4707,7470,7470_4707,2503,2502,226.1353765,232.03007189999997,243.51007846999994,1.250909781156202,4.879114805647923,7.529852853730076,46,44,48,4,VALIDO
4707,7800,7800_4707,2504,2503,252.814116,255.1511542,256.55617262,0.05289378085055744,0.1332385908994133,2.056106248428253,52,49,52,4,VALIDO
4707,65614,65614_4707,2520,2516,98.506385,100.028141,104.21548709999999,0.1905163100645184,0.9107260344203381,4.244515777096074,52,51,52,2,VALIDO
4766,6944,6944_4766,2508,2507,283.63343,366.93826370000005,417.79214728,0.11561766563116051,0.5712026316381301,3.470106405856987,50,46,50,4,VALIDO
4766,7083,7083_4766,2511,2510,201.225479,210.14876215,210.61605372,0.10873604061644258,0.3254350579424609,0.531363036446839,50,43,51,4,VALIDO
4766,7517,7517_4766,2518,2518,295.0339235,299.09882625,300.47570704,0.043766221357642306,0.10177583747865736,0.4053578938742594,51,48,51,3,VALIDO
4766,7548,7548_4766,2509,2508,432.44780049999997,439.42880099999996,443.2927449,0.10322881235760625,0.5269847871819224,2.142591314921134,50,50,50,1,VALIDO
4766,1015907,1015907_4766,2520,2519,168.752242,179.469125,179.5642177,0.06116892761851694,0.14282679646073548,0.1909918346869764,49,43,51,4,VALIDO
4809,6492,6492_4809,2518,2518,217.92001399999998,224.6636154,224.9884017,0.23079202795921683,0.37773414901280467,0.44466807218698184,49,41,49,2,VALIDO
4809,6687,6687_4809,2505,2505,133.555647,140.28648,140.64853528,0.07062824648507621,0.2604411386440543,0.5065007839604805,57,56,57,2,VALIDO
4809,6918,6918_4809,2505,2505,259.772749,266.6520314,267.446184,0.08143229833153592,1.3113686248920833,4.006772116792131,54,54,54,1,VALIDO
4809,7455,7455_4809,2503,2448,379.842169,391.72401405,396.42177903000004,0.393589690080475,5.3667803196204975,8.255098380000009,49,46,49,3,VALIDO
4809,1017588,1017588_4809,2519,2518,80.74762849999999,84.22972304999999,94.68159495999997,0.09019353188573795,0.952972765718391,4.422576449704174,52,49,52,2,VALIDO
4828,6737,6737_4828,2504,2503,96.720314,106.37404370000002,116.8081719,0.061186233587850594,1.293288992191214,3.0528014020344703,52,49,52,4,VALIDO
4828,7113,7113_4828,2502,2485,300.422506,311.3904524,316.15825087999997,0.08117551033409241,1.3457207206241852,3.3462394284970527,53,44,53,3,VALIDO
4828,7221,7221_4828,2496,2496,226.384061,240.09995425,242.4507062,0.07846497138641774,1.252453565415352,2.9122976562473166,52,44,52,2,VALIDO
4828,7735,7735_4828,2504,2503,168.800992,190.792298,196.40508042000002,0.1451285997597392,1.8736978817741756,3.4766020213549123,48,46,48,3,VALIDO
