id_fluxo,motivo,n_linhas
25792_1612,alvo_sem_rotulo,1
6382_2842,alvo_sem_rotulo,1
65328_2026,alvo_sem_rotulo,12
7323_3294,baseline_desatualizado,2513
7688_3294,baseline_desatualizado,2512
1013136_2526,baseline_nao_encontrado,2448
1015231_4237,baseline_nao_encontrado,2520
32764_1223,baseline_nao_encontrado,2520
7414_4169,baseline_nao_encontrado,2520
7461_4524,baseline_nao_encontrado,2516
7814_4237,baseline_nao_encontrado,2510
1000820_4524,embargo,30
1008431_2343,embargo,30
1009368_4074,embargo,29
1010359_3816,embargo,30
1010890_4335,embargo,30
1012282_3217,embargo,30
1013364_3816,embargo,30
1014085_4685,embargo,30
1015748_4685,embargo,30
1015907_4766,embargo,30
1016806_3679,embargo,30
1017252_3294,embargo,30
1017588_4809,embargo,29
10932_4524,embargo,30
12159_1880,embargo,30
12541_1418,embargo,30
13104_2842,embargo,30
13821_2526,embargo,30
23017_1086,embargo,30
25792_1612,embargo,30
30986_4169,embargo,30
35709_1360,embargo,32
61225_3217,embargo,30
62282_1605,embargo,30
6324_3816,embargo,30
6329_4237,embargo,30
6382_2842,embargo,30
64062_3920,embargo,30
64129_4261,embargo,30
6431_4335,embargo,30
64504_4292,embargo,30
6454_3217,embargo,30
6492_4809,embargo,30
6493_2343,embargo,30
6503_1086,embargo,30
6516_1605,embargo,30
6521_1360,embargo,29
6521_2343,embargo,30
65328_2026,embargo,30
6553_1086,embargo,30
65614_4707,embargo,30
6565_3294,embargo,30
6583_4335,embargo,30
6588_2526,embargo,30
6630_3679,embargo,30
6659_4074,embargo,30
6666_3920,embargo,30
6680_3217,embargo,30
6687_4809,embargo,30
6727_4524,embargo,30
6737_4828,embargo,30
6775_1360,embargo,29
6782_2842,embargo,30
6801_1418,embargo,30
6803_3679,embargo,30
6811_4237,embargo,30
6849_4707,embargo,30
6918_4809,embargo,30
6919_1880,embargo,30
6931_3920,embargo,30
6933_1418,embargo,30
6935_2026,embargo,30
6944_4766,embargo,30
6972_1223,embargo,30
7022_1360,embargo,30
7036_4074,embargo,30
7049_4371,embargo,30
7050_3816,embargo,25
7062_1612,embargo,15
7063_2526,embargo,30
7083_4766,embargo,30
7091_3679,embargo,29
7098_1880,embargo,30
7098_4261,embargo,30
7099_3294,embargo,30
7099_4335,embargo,30
7099_4685,embargo,30
7105_3816,embargo,30
7111_1223,embargo,30
7113_4828,embargo,30
7187_1605,embargo,30
7189_4707,embargo,30
7198_4292,embargo,30
7221_4828,embargo,30
7262_4371,embargo,30
7271_4169,embargo,30
7306_1612,embargo,30
7307_2026,embargo,30
7325_4382,embargo,30
7333_2343,embargo,30
7341_4169,embargo,30
7348_4292,embargo,30
7354_4261,embargo,30
7378_1223,embargo,30
7427_4335,embargo,30
7455_4809,embargo,30
7462_1880,embargo,30
7463_1360,embargo,30
7467_2842,embargo,30
7470_4707,embargo,30
7479_4371,embargo,30
7485_2842,embargo,30
7494_4292,embargo,30
7509_1086,embargo,30
7509_1612,embargo,30
7517_4766,embargo,30
7523_2026,embargo,30
7526_3217,embargo,30
7548_4766,embargo,30
7554_4382,embargo,30
7558_4261,embargo,30
7560_1605,embargo,30
7565_4685,embargo,30
7573_4382,embargo,30
7578_1612,embargo,30
7627_1086,embargo,28
7638_1880,embargo,30
7647_4371,embargo,30
7657_4074,embargo,30
7658_3920,embargo,30
7687_4685,embargo,30
7694_2526,embargo,30
7720_4524,embargo,30
7735_4828,embargo,30
7749_2026,embargo,30
7767_3920,embargo,30
7772_4292,embargo,30
7776_1223,embargo,30
7795_1418,embargo,30
7798_1605,embargo,30
7800_4074,embargo,30
7800_4707,embargo,30
7802_1418,embargo,30
7805_4169,embargo,30
7811_2343,embargo,30
1010359_3816,intervalo_acima_de_gap,1
1014085_4685,intervalo_acima_de_gap,1
1016806_3679,intervalo_acima_de_gap,2
1017252_3294,intervalo_acima_de_gap,1
1017588_4809,intervalo_acima_de_gap,1
10932_4524,intervalo_acima_de_gap,1
64129_4261,intervalo_acima_de_gap,1
6849_4707,intervalo_acima_de_gap,1
6933_1418,intervalo_acima_de_gap,1
7062_1612,intervalo_acima_de_gap,1
7198_4292,intervalo_acima_de_gap,2
7306_1612,intervalo_acima_de_gap,1
7333_2343,intervalo_acima_de_gap,1
7348_4292,intervalo_acima_de_gap,1
7455_4809,intervalo_acima_de_gap,1
7558_4261,intervalo_acima_de_gap,1
7560_1605,intervalo_acima_de_gap,1
25792_1612,perda_pct_vazio,1
6382_2842,perda_pct_vazio,2
65328_2026,perda_pct_vazio,13
1000820_4524,sem_medicao_t_mais_h,1
1008431_2343,sem_medicao_t_mais_h,1
1009368_4074,sem_medicao_t_mais_h,1
1010359_3816,sem_medicao_t_mais_h,1
1010890_4335,sem_medicao_t_mais_h,1
1012282_3217,sem_medicao_t_mais_h,1
1013364_3816,sem_medicao_t_mais_h,1
1014085_4685,sem_medicao_t_mais_h,1
1015748_4685,sem_medicao_t_mais_h,1
1015907_4766,sem_medicao_t_mais_h,1
1016806_3679,sem_medicao_t_mais_h,1
1017252_3294,sem_medicao_t_mais_h,1
1017588_4809,sem_medicao_t_mais_h,1
10932_4524,sem_medicao_t_mais_h,1
12159_1880,sem_medicao_t_mais_h,1
12541_1418,sem_medicao_t_mais_h,1
13104_2842,sem_medicao_t_mais_h,1
13821_2526,sem_medicao_t_mais_h,1
23017_1086,sem_medicao_t_mais_h,1
25792_1612,sem_medicao_t_mais_h,1
30986_4169,sem_medicao_t_mais_h,1
35709_1360,sem_medicao_t_mais_h,1
61225_3217,sem_medicao_t_mais_h,1
62282_1605,sem_medicao_t_mais_h,1
6324_3816,sem_medicao_t_mais_h,1
6329_4237,sem_medicao_t_mais_h,1
6382_2842,sem_medicao_t_mais_h,1
64062_3920,sem_medicao_t_mais_h,1
64129_4261,sem_medicao_t_mais_h,1
6431_4335,sem_medicao_t_mais_h,1
64504_4292,sem_medicao_t_mais_h,1
6454_3217,sem_medicao_t_mais_h,1
6492_4809,sem_medicao_t_mais_h,1
6493_2343,sem_medicao_t_mais_h,1
6503_1086,sem_medicao_t_mais_h,1
6516_1605,sem_medicao_t_mais_h,1
6521_1360,sem_medicao_t_mais_h,1
6521_2343,sem_medicao_t_mais_h,1
65328_2026,sem_medicao_t_mais_h,1
6553_1086,sem_medicao_t_mais_h,1
65614_4707,sem_medicao_t_mais_h,1
6565_3294,sem_medicao_t_mais_h,1
6583_4335,sem_medicao_t_mais_h,1
6588_2526,sem_medicao_t_mais_h,1
6630_3679,sem_medicao_t_mais_h,1
6659_4074,sem_medicao_t_mais_h,1
6666_3920,sem_medicao_t_mais_h,1
6680_3217,sem_medicao_t_mais_h,1
6687_4809,sem_medicao_t_mais_h,1
6727_4524,sem_medicao_t_mais_h,1
6737_4828,sem_medicao_t_mais_h,1
6775_1360,sem_medicao_t_mais_h,1
6782_2842,sem_medicao_t_mais_h,1
6801_1418,sem_medicao_t_mais_h,1
6803_3679,sem_medicao_t_mais_h,1
6811_4237,sem_medicao_t_mais_h,1
6849_4707,sem_medicao_t_mais_h,1
6918_4809,sem_medicao_t_mais_h,1
6919_1880,sem_medicao_t_mais_h,1
6931_3920,sem_medicao_t_mais_h,1
6933_1418,sem_medicao_t_mais_h,1
6935_2026,sem_medicao_t_mais_h,1
6944_4766,sem_medicao_t_mais_h,1
6972_1223,sem_medicao_t_mais_h,1
7022_1360,sem_medicao_t_mais_h,1
7036_4074,sem_medicao_t_mais_h,1
7049_4371,sem_medicao_t_mais_h,1
7050_3816,sem_medicao_t_mais_h,1
7062_1612,sem_medicao_t_mais_h,1
7063_2526,sem_medicao_t_mais_h,1
7083_4766,sem_medicao_t_mais_h,1
7091_3679,sem_medicao_t_mais_h,1
7098_1880,sem_medicao_t_mais_h,1
7098_4261,sem_medicao_t_mais_h,1
7099_3294,sem_medicao_t_mais_h,1
7099_4335,sem_medicao_t_mais_h,1
7099_4685,sem_medicao_t_mais_h,1
7105_3816,sem_medicao_t_mais_h,1
7111_1223,sem_medicao_t_mais_h,1
7113_4828,sem_medicao_t_mais_h,1
7187_1605,sem_medicao_t_mais_h,1
7189_4707,sem_medicao_t_mais_h,1
7198_4292,sem_medicao_t_mais_h,1
7221_4828,sem_medicao_t_mais_h,1
7262_4371,sem_medicao_t_mais_h,1
7271_4169,sem_medicao_t_mais_h,1
7306_1612,sem_medicao_t_mais_h,1
7307_2026,sem_medicao_t_mais_h,1
7325_4382,sem_medicao_t_mais_h,1
7333_2343,sem_medicao_t_mais_h,1
7341_4169,sem_medicao_t_mais_h,1
7348_4292,sem_medicao_t_mais_h,1
7354_4261,sem_medicao_t_mais_h,1
7378_1223,sem_medicao_t_mais_h,1
7427_4335,sem_medicao_t_mais_h,1
7455_4809,sem_medicao_t_mais_h,1
7462_1880,sem_medicao_t_mais_h,1
7463_1360,sem_medicao_t_mais_h,1
7467_2842,sem_medicao_t_mais_h,1
7470_4707,sem_medicao_t_mais_h,1
7479_4371,sem_medicao_t_mais_h,1
7485_2842,sem_medicao_t_mais_h,1
7494_4292,sem_medicao_t_mais_h,1
7509_1086,sem_medicao_t_mais_h,1
7509_1612,sem_medicao_t_mais_h,1
7517_4766,sem_medicao_t_mais_h,1
7523_2026,sem_medicao_t_mais_h,1
7526_3217,sem_medicao_t_mais_h,1
7548_4766,sem_medicao_t_mais_h,1
7554_4382,sem_medicao_t_mais_h,1
7558_4261,sem_medicao_t_mais_h,1
7560_1605,sem_medicao_t_mais_h,1
7565_4685,sem_medicao_t_mais_h,1
7573_4382,sem_medicao_t_mais_h,1
7578_1612,sem_medicao_t_mais_h,1
7627_1086,sem_medicao_t_mais_h,1
7638_1880,sem_medicao_t_mais_h,1
7647_4371,sem_medicao_t_mais_h,1
7657_4074,sem_medicao_t_mais_h,1
7658_3920,sem_medicao_t_mais_h,1
7687_4685,sem_medicao_t_mais_h,1
7694_2526,sem_medicao_t_mais_h,1
7720_4524,sem_medicao_t_mais_h,1
7735_4828,sem_medicao_t_mais_h,1
7749_2026,sem_medicao_t_mais_h,1
7767_3920,sem_medicao_t_mais_h,1
7772_4292,sem_medicao_t_mais_h,1
7776_1223,sem_medicao_t_mais_h,1
7795_1418,sem_medicao_t_mais_h,1
7798_1605,sem_medicao_t_mais_h,1
7800_4074,sem_medicao_t_mais_h,1
7800_4707,sem_medicao_t_mais_h,1
7802_1418,sem_medicao_t_mais_h,1
7805_4169,sem_medicao_t_mais_h,1
7811_2343,sem_medicao_t_mais_h,1
